{
  "providers": {
    "awscloudformation": {
      "AuthRoleName": "amplify-flightbooking-dev-110729-authRole",
      "UnauthRoleArn": "arn:aws:iam::461201024223:role/amplify-flightbooking-dev-110729-unauthRole",
      "AuthRoleArn": "arn:aws:iam::461201024223:role/amplify-flightbooking-dev-110729-authRole",
      "Region": "us-east-1",
      "DeploymentBucketName": "amplify-flightbooking-dev-110729-deployment",
      "UnauthRoleName": "amplify-flightbooking-dev-110729-unauthRole",
      "StackName": "amplify-flightbooking-dev-110729",
      "StackId": "arn:aws:cloudformation:us-east-1:461201024223:stack/amplify-flightbooking-dev-110729/f8eb4990-ca05-11ed-be9a-12e196c9f543",
      "AmplifyAppId": "dag8yb46imr57"
    }
  },
  "api": {
    "flightbooking": {
      "service": "AppSync",
      "providerPlugin": "awscloudformation",
      "dependsOn": [],
      "output": {
        "authConfig": {
          "defaultAuthentication": {
            "authenticationType": "API_KEY",
            "apiKeyConfig": {
              "apiKeyExpirationDays": 7
            }
          },
          "additionalAuthenticationProviders": []
        },
        "GraphQLAPIIdOutput": "fuoep6f4k5fuvgmhflh2wrmbx4",
        "GraphQLAPIEndpointOutput": "https://bcihemrbnrhexnvllfueitggda.appsync-api.us-east-1.amazonaws.com/graphql",
        "GraphQLAPIKeyOutput": "da2-myokjwvoozahpe4woveu6effja"
      },
      "lastPushTimeStamp": "2023-03-24T12:41:05.841Z",
      "providerMetadata": {
        "s3TemplateURL": "https://s3.amazonaws.com/amplify-flightbooking-dev-110729-deployment/amplify-cfn-templates/api/cloudformation-template.json",
        "logicalId": "apiflightbooking"
      },
      "lastPushDirHash": "Nlhi37S2TV0GQni69NGqahifYOY="
    }
  }
}