{
  "dev": {
    "awscloudformation": {
      "AuthRoleName": "amplify-flightbooking-dev-110729-authRole",
      "UnauthRoleArn": "arn:aws:iam::461201024223:role/amplify-flightbooking-dev-110729-unauthRole",
      "AuthRoleArn": "arn:aws:iam::461201024223:role/amplify-flightbooking-dev-110729-authRole",
      "Region": "us-east-1",
      "DeploymentBucketName": "amplify-flightbooking-dev-110729-deployment",
      "UnauthRoleName": "amplify-flightbooking-dev-110729-unauthRole",
      "StackName": "amplify-flightbooking-dev-110729",
      "StackId": "arn:aws:cloudformation:us-east-1:461201024223:stack/amplify-flightbooking-dev-110729/f8eb4990-ca05-11ed-be9a-12e196c9f543",
      "AmplifyAppId": "dag8yb46imr57"
    },
    "categories": {
      "api": {
        "flightbooking": {}
      }
    }
  }
}